{"cameraMode":{"drawMode":0,"name":"Shaded","section":"Shading Mode"},"sceneLighting":true,"audioPlay":false,"sceneViewState":{"showFog":true,"showMaterialUpdate":false,"showSkybox":true,"showFlares":true,"showImageEffects":true,"showParticleSystems":true},"in2DMode":false,"pivot":{"x":-5.055093288421631,"y":-4.030830383300781,"z":-4.468076229095459},"rotation":{"x":-0.10676443576812744,"y":0.8827585577964783,"z":-0.24317961931228639,"w":-0.3875625729560852},"size":7.337490081787109,"orthographic":false}