{"cameraMode":{"drawMode":0,"name":"Shaded","section":"Shading Mode"},"sceneLighting":true,"audioPlay":false,"sceneViewState":{"showFog":true,"showMaterialUpdate":false,"showSkybox":true,"showFlares":true,"showImageEffects":true,"showParticleSystems":true},"in2DMode":false,"pivot":{"x":-0.6111700534820557,"y":4.105715751647949,"z":0.6810154914855957},"rotation":{"x":0.33191975951194765,"y":-0.2309892475605011,"z":0.08418576419353485,"w":0.9107114672660828},"size":4.55964994430542,"orthographic":false}